{
    "$schema": "https://schema.management.azure.com/schemas/2015-01-01/deploymentParameters.json#",
    "contentVersion": "1.0.0.0",
    "parameters": {
        "location": {
            "value": "westeurope"
        },
        "storageAccountName": {
            "value": "smallinfrastorage001"
        },
        "accountType": {
            "value": "Standard_LRS"
        },
        "kind": {
            "value": "Storage"
        },
        "supportsHttpsTrafficOnly": {
            "value": true
        }
    }
}